{
    "EffectiveEchoSpacing": 0.0007783768898679979,
    "TotalReadoutTime": 0.042810728942739885
}