{
    "EffectiveEchoSpacing": 0.0006621159151938905,
    "TotalReadoutTime": 0.025822520692561732,
    "SliceTiming": [
        0.0,
        0.0541,
        0.1081,
        0.1622,
        0.2162,
        0.2703,
        0.3243,
        0.3784,
        0.4324,
        0.4865,
        0.5405,
        0.5946,
        0.6486,
        0.7027,
        0.7568,
        0.8108,
        0.8649,
        0.9189,
        0.973,
        1.027,
        1.0811,
        1.1351,
        1.1892,
        1.2432,
        1.2973,
        1.3514,
        1.4054,
        1.4595,
        1.5135,
        1.5676,
        1.6216,
        1.6757,
        1.7297,
        1.7838,
        1.8378,
        1.8919,
        1.9459
    ]
}