{
    "EffectiveEchoSpacing": 0.0006333282667071997,
    "TotalReadoutTime": 0.024699802401580786,
    "SliceTiming": [
        0.0,
        0.06755050505050506,
        0.1351010101010101,
        0.20265151515151517,
        0.2702020202020202,
        0.3377525252525253,
        0.40530303030303033,
        0.47285353535353536,
        0.5404040404040404,
        0.6079545454545455,
        0.6755050505050506,
        0.7430555555555556,
        0.0,
        0.06755050505050506,
        0.1351010101010101,
        0.20265151515151517,
        0.2702020202020202,
        0.3377525252525253,
        0.40530303030303033,
        0.47285353535353536,
        0.5404040404040404,
        0.6079545454545455,
        0.6755050505050506,
        0.7430555555555556,
        0.0,
        0.06755050505050506,
        0.1351010101010101,
        0.20265151515151517,
        0.2702020202020202,
        0.3377525252525253,
        0.40530303030303033,
        0.47285353535353536,
        0.5404040404040404,
        0.6079545454545455,
        0.6755050505050506,
        0.7430555555555556
    ]
}